start	end	text
0	6080	What if the very tools we use to find the truth are, you know, secretly manufacturing counterfeits?
6320	7820	I mean, it's a terrifying thought, right?
7900	8620	It really is.
8960	15860	Today, we're looking at a stack of four papers that basically prove that concepts like truth or error or waste,
16100	18640	they don't actually exist in the physical world.
18740	24420	Yeah, or at least they don't exist as these intrinsic, unchangeable properties of the objects we're looking at.
24480	26820	They only exist based on where we draw our boundaries.
27160	27600	Exactly.
27860	29380	And welcome to the Deep Dive, everyone.
29380	33940	We have a set of sources today that is, frankly, bizarre in its scope.
34440	36440	It really is quite the collection.
36540	36640	Yeah.
36720	41700	We're pulling from four independent essays, all published just this month, September 2026,
41920	45940	by a single author writing under the name Flyxion Independent Researcher.
46020	49180	And the breadth of Flyxion's work is really what makes this so compelling.
49380	55420	I mean, you've got a single author mapping a unified theoretical framework across things like quantum wave mathematics,
55420	64740	AI object detection, analog memristor hardware, industrial desalination plants, and even the swarming behaviors of predatory bacteria.
65100	68300	It honestly sounds like a random assortment of Wikipedia pages.
68400	69640	It kind of does, yeah.
69640	76860	But Flyxion's mission across all four of these essays is to demonstrate a hidden shared structure.
76860	86200	So whether you are a software engineer, a biologist, or, you know, just someone trying to optimize your own workflow, the core thesis is the same.
86420	86580	Right.
86700	92820	That changing the boundaries of a system completely alters what we define as a signal, a mistake, or just garbage.
93040	93260	Okay.
93260	94100	Let's unpack this.
94340	98120	We should probably start where Flyxion starts, which is with the most abstract layer, right?
98400	99860	Mathematics and digital models.
100120	100300	Yeah.
100440	108240	The first essay is titled The Admissible Subspace, and it really targets the foundational methods we use to simplify complex problems.
108280	109460	Because we do that all the time, right?
109600	110320	We simplify things.
110340	110800	Constantly.
111060	117760	But fiction argues that our attempts to make reality easier to calculate are actively generating phantom realities.
118100	121420	So the core mechanism Flyxion is critiquing here is reduction.
121420	135080	When mathematicians or physicists hit a problem that is just too complex to solve, like a massive partial differential equation describing fluid dynamics or electromagnetic waves, they don't just stare at it until they go blind.
135160	136260	No, they reduce it.
136260	141540	They strip away variables to create a simpler model that they can actually, you know, work with.
141960	146040	To understand the danger here, we kind of have to look at how that reduction actually functions, right?
146040	152660	Exactly. So a partial differential equation, or a PDE, contains multiple independent variables.
153400	158660	It describes how things change across time and across multiple dimensions of space simultaneously.
158920	160780	Which sounds impossible to do on paper.
161020	163860	They are notoriously difficult to solve analytically.
163980	166060	I mean, often they're impossible to solve entirely.
166420	170500	So a standard applied mathematics technique is to just constrain the problem.
170940	172080	Like putting blinders on?
172080	173080	Sort of, yeah.
173700	179680	A physicist might say, I am only interested in waves that travel at a constant speed without changing their shape.
180380	189020	And by imposing that specific assumption, they convert the multidimensional PDE into an ordinary differential equation, an ODE.
189360	191440	Which is a massive mathematical shortcut.
191440	204000	It's, um, it's like trying to understand the traffic patterns of an entire city, realizing it's way too complicated, and deciding to only model the cars moving exactly 45 miles per hour on one specific highway.
204220	206440	That's a great analogy. It makes the math doable.
206680	210020	But the danger, as Flyxion points out, is structural.
210240	210460	Right.
210900	216400	When you transform a problem space into a reduced space, you don't just shrink the boundaries of the problem.
216640	217400	What happens instead?
217400	225400	The reduced space actually operates under its own internal logic, and it allows for possibilities that simply do not exist in the original complex reality.
226220	229840	Because you've removed the constraints that would normally forbid those possibilities from happening.
229940	230640	Yeah, exactly that.
230760	237800	So Flyxion looks at a 2026 paper by Song and colleagues dealing with the Kureli-IIA equation.
237880	239080	That's a wave equation, right?
239320	239600	Yeah.
239600	245920	It's a complex wave equation used in theoretical physics, often related to ferromagnetic materials and spin dynamics.
246740	249960	The math is really dense, but the operation is straightforward.
250220	251100	Okay. I'm with you.
251360	259200	Song and their team want to find traveling wave solutions, so they apply a complex envelope substitution to reduce the equation.
259880	264880	And when they do this, the math naturally splits into two separate requirements.
264980	265780	Through parallel rules.
265780	268800	Yes. A real equation and an imaginary equation.
269260	271620	Let's pause there just to make sure the visual is clear for everyone.
272080	280000	They take one massive equation, substitute a formula into it, and it breaks into two parallel rules that the wave basically has to follow.
280180	282060	Right. One rule deals with the real numbers.
282260	283860	One deals with the imaginary numbers.
284140	288360	And both rules must be satisfied for the wave to actually exist in reality.
288540	288800	Okay.
288800	292680	The imaginary equation acts as a strict physical constraint.
293220	300820	It dictates that the wave number, which is denoted by the letter K, has a fixed relationship with the frequency and the speed of the wave.
301080	303180	So you can't just pick any random wave number.
303300	305960	Exactly. The physics demands a very specific ratio.
306580	310320	But then Song's team needs to visualize these waves.
310620	316040	They want to map all the possible solutions, so they map them onto what mathematicians call a phase plane.
316100	318360	And a phase plane is essentially just a geometric map.
318360	323140	Yeah. You put the wave's position on one axis and its momentum or velocity on the other.
323320	328700	If you plot a line on this graph and it forms a closed loop, you know you have a periodic wave.
328800	329320	Oh, interesting.
329460	336760	And if it forms a specific kind of open curve that begins and ends at the exact same point, you have a solitary wave, a soliton.
337240	342540	It's just a beautiful way to visualize wave behavior without solving every single number.
343000	346860	But to build this visual phase plane, the researchers only use the real equation.
346860	354200	They take that strict wave number, K, and they just absorb it into a broader mathematical coefficient, which they label omega.
354380	355460	They bury the constraint.
356000	362080	Once K is absorbed into omega, the phase plane geometry is entirely defined by the real equation alone.
362300	364400	Leaving the imaginary equation in the dust.
364700	365000	Right.
365280	371840	The imaginary equation, which held the strict physical law about how later relates to frequency, is just left behind.
371840	373960	It isn't represented on the visual map at all.
374420	377100	So the map has literally forgotten the fundamental law of physics.
377300	377840	It has.
378280	380540	And Flyxion demonstrates the consequence of this.
381300	391200	You can look at this newly created phase plane and find coordinates that produce a stunning, mathematically perfect, bright, soliton wave.
391320	393040	It looks completely real on the map.
393040	397880	It forms the correct shape on the graph, flawlessly satisfies the rules of the phase plane.
398020	399520	I mean, it looks like a massive discovery.
399520	406680	But if you take the parameters of that beautiful wave and feed them back into the discarded imaginary equation...
406680	407480	The one they left behind.
407640	408120	Exactly.
408340	409860	The entire structure just collapses.
410400	415000	The imaginary equation requires a condition that forces the wave's amplitude to be zero.
415300	416780	Meaning the wave doesn't even exist.
416900	417820	It's just a flat line.
417820	419420	It is a mathematical ghost.
420140	423060	Flyxion categorizes this as a type I counterfeit.
423620	429360	It's an object that is perfectly valid inside the reduced space, but mathematically impossible in the original space.
429740	435480	And the chilling part is that nothing inside the phase plane will ever warn you that it's a fake.
435980	440000	Because the phase plane lacks the vocabulary to detect the lie.
440400	444720	The vocabulary was the very thing they discarded to create the phase plane in the first place.
444780	445220	Exactly.
445220	450460	But wait, if we're just dropping constraints and getting fake answers, aren't we basically just doing bad math?
450980	454440	Is Flyxion saying that all modeling is inherently flawed?
455020	461660	Because if reduction inevitably breeds counterfeits, the whole field of applied mathematics is in serious trouble.
461940	465880	What's fascinating here is that Flyxion is very deliberate in avoiding that trap.
466120	468260	Reduction isn't bad math.
468360	469620	It's necessary math.
469760	471060	Okay, so what's the actual flaw?
471200	473400	The flaw is not in the reduction itself.
473400	479260	The flaw is treating existence in the reduced space as a guarantee of existence in reality.
479940	482560	Flyxion argues for a mandatory admissibility test.
482720	484160	Meaning you have to check your work.
484280	486460	You can't just look at the phase plane and publish your wave.
486580	490160	You have to take your solution and march it back through the constraints you left at the door.
490480	493640	It's not enough to check the ID of the people inside the club.
494140	497800	You have to make sure the bouncer hasn't forgotten what a fake ID actually looks like.
497800	500880	That's a bit colloquial, but yeah, the mechanism absolutely applies.
501080	503380	And Flyxion doesn't just leave this in abstract mathematics.
503860	509280	The essay immediately transitions to how this exact same vulnerability plagues artificial intelligence.
509520	511420	Specifically in computer vision, right?
512040	514660	This was the part that really grounded the concept for me.
515140	523520	Flyxion pulls a second 2026 paper, this one by Lee and colleagues, concerning an AI designed to detect objects in traffic scenes.
523520	525800	Right, pedestrians, cars, street signs.
526040	529380	And the AI relies on something called dilated convolution.
530100	535280	To understand dilated convolution, we really need to understand how an AI sees an image.
535780	538060	Because it doesn't look at the whole picture at once.
538180	538980	How does it look at it?
539160	543000	It uses a mathematical filter, a kernel, that sweeps across the pixels.
543560	549340	In a standard convolution, the filter looks at a tight block of adjacent pixels, say a 3x3 square.
549460	551080	So it's getting really close up detail.
551080	553960	It captures fine details very well.
554140	559260	But if you only look through a tiny straw, you completely lose the context of the whole scene.
559380	561880	Like you can see the threads, but you don't know it's a shirt.
562220	562700	Precisely.
562900	564900	So AI engineers use dilation.
565260	566660	They spread the filter out.
567200	573540	Instead of looking at pixels right next to each other, the kernel samples pixels that are two, three, or four spaces apart.
573600	574660	It just skips over pixels.
574780	579960	Yeah, it expands the AI's receptive field without actually increasing the computational load.
579960	584000	It allows the network to understand the broader context of the image.
584060	585280	It's essentially downsampling.
585820	589520	You're intentionally dropping information to get the big picture faster.
590400	597680	But Flyxion points out that the baseline models were using a single global dilation rate across the entire image.
597820	597980	Right.
598060	600680	They were blurring the whole photo equally.
600880	603600	Which creates an information collapse known as aliasing.
603600	608240	And let's explain aliasing physically because it is a wild phenomenon.
608300	609060	It really is.
609160	612260	The classic example is the wagon wheel effect in old movies, right?
612580	616820	You watch a stagecoach driving and the wheels look like they're spinning backward.
617300	623460	And that happens because the camera is taking pictures at a specific frame rate, say 24 frames per second.
623460	634700	But the wheel is spinning so fast that between frame one and frame two, a single spoke rotates almost entirely around to the position of the spoke behind it.
634860	640160	The camera sampling rate is too slow to capture the high frequency reality of that spinning wheel.
640280	641900	So it connects the dots incorrectly.
642060	643620	It literally hallucinates the physics.
643620	649460	It assumes the spoke just moved backward a tiny bit rather than forward a massive amount.
650100	656420	Two completely different physical realities, a wheel spinning very fast forward and a wheel spinning slowly backward.
656880	660600	They produce the exact same visual data in the downsampled space.
660760	663200	And that is exactly what the AI traffic detector does.
663320	666640	When it applies a global dilation rate, it skips over the high frequency pixels.
667100	672720	So suddenly, a smooth patch of gray asphalt and a tightly textured gray pattern on a pedestrian's winter coat,
672720	676500	they might yield the exact same numerical value to the AI's filter.
676780	678300	A new type I counterfeit is born.
679220	683080	The reduced representation claims there is a uniform texture there.
683620	688520	The AI cannot tell the difference because the pixels that contain the distinction were skipped.
688780	689780	The constraints were dropped.
690020	690500	Exactly.
690700	691720	So how do you fix it?
691760	693800	I mean, you can't just stop downsampling.
694020	698160	Or the AI would take three days to process a single traffic camera frame,
698380	701140	which is obviously not great if you're building a self-driving car.
701320	702360	Right. That wouldn't work.
702360	702780	Yeah.
702940	706820	So Lye and their team fix it by refusing to let the reduction be blind.
707280	709480	They introduce what they call a resolution field.
709680	710460	How does that work?
710800	714360	Well, instead of applying one blanket dilation rate across the image,
714760	719240	the AI analyzes the local spectral power of the image, pixel by pixel.
719580	723140	It calculates exactly where the high frequency details are concentrated.
723660	728280	So it's mapping out the complexity of the image before it even decides how to filter it.
728280	736400	If a region has very low spectral power, like a clear blue sky, the AI applies a large dilation rate.
736400	740520	It aggregates the data heavily because there is no fine detail to lose.
740740	741040	Makes sense.
741040	747800	But if a region has high spectral power, indicating sharp edges, complex textures, or object boundaries,
747800	751620	the AI dynamically shrinks the dilation rate.
752060	756400	It demands higher resolution exactly where the high frequency constraints live.
756580	759880	It adapts the boundary of the reduction to the reality of the data.
760300	760440	Yeah.
760440	761500	And they go even further, right?
761580	763100	They use a two-branch architecture.
763920	767960	One branch of the AR processes the heavily dilated big picture context,
768180	773340	while the other branch strictly processes the high-resolution local details.
773500	777360	And this is Flyxion's core takeaway for the admissibility test in digital spaces.
778000	781340	When the two branches fuse their data back together later in the network,
781660	785440	the high-resolution branch acts as the constraint check for the dilated branch.
785520	786640	It catches the counterfeits.
786640	791300	Flyxion writes that a counterfeit can only survive if all representations agree on the lie.
791860	796860	If the high-resolution branch retains the spectral data that the down-sampled branch dropped,
797280	801160	the AI can cross-reference and basically eliminate the aliased errors.
801500	804720	The implication here is huge, even outside of math and AI.
804940	808140	We are constantly reducing our own realities to make them manageable.
808700	810260	We aggregate data at work.
810440	813160	We summarize complex political issues into soundbites.
813320	816080	We turn nuanced relationships into basic labels.
816080	817540	We have to, just to function.
817900	818040	Right.
818700	820380	But Flyxion is forcing us to ask,
820880	824000	what constraints are we dropping at the door to make things simple?
824620	828460	And are those discarded constraints allowing phantom solutions?
829040	831600	Things that look perfectly logical in a spreadsheet,
831920	835440	but are fundamentally impossible in reality to direct our decisions.
835960	838400	We have to carry the dropped constraints with us,
838420	841020	or the reduced space just becomes a hall of mirrors.
841020	845220	Which transitions us from abstract flaws to a much harder reality.
845940	850040	In math, you can theoretically carry all your constraints and achieve perfect precision.
850240	851060	Theoretically, yes.
851180	855340	But what happens when the physical material you are working with is fundamentally incapable of being perfect?
856020	862540	Flyxion's second essay, The Unequal Error, moves us away from equations and into physical microchips.
862880	865540	And this radically shifts how we have to define a mistake.
865540	866700	It really does.
867240	870560	The first essay showed how boundaries define the existence of truth.
871120	876220	The second essay shows how downstream boundaries define the actual severity of an error.
876560	877400	So what's the source here?
877720	882440	Flyxion analyzes another 2026 paper, this one by Ding and colleagues,
882860	888840	which focuses on an MSVD chip, a Memristive Singular Value Decomposition processor.
889060	891320	Okay, we need to unpack a lot of hardware concepts here.
891320	894680	Let's start with singular value decomposition, or SVD.
895020	897280	Why is this math so important to computing?
897980	902220	SVD is arguably one of the most critical algorithms in modern data science.
902780	909220	It is a mathematical way to decompose a massive, complex matrix of data into its foundational components.
909300	910720	Like breaking down a massive image.
910800	914720	Yeah, if you have a massive image or a vast matrix of language tokens for an AI,
915240	918040	SVD helps you find the principal axes of that data.
918040	921460	It strips away the noise and isolates the most dominant patterns.
921920	925860	It is essential for data compression, image processing, and machine learning.
926300	929100	But historically, we do this on traditional digital silicon chips.
929660	934740	We use O'Neumann architecture, moving perfectly crisp zeros and ones back and forth between the memory and the processor.
935140	937520	But Ding's team is doing this on Memristors.
938080	940000	So what is a Memristor physically?
940440	943920	Well, a Memristor is a portmanteau of memory and resistor.
943920	949700	It's a fundamental electronic component, but unlike a standard transistor, it is analog.
950060	950820	Analog memory.
951000	951440	Exactly.
952040	955960	A traditional memory bit holds a charge to represent a 1 or a 0.
956680	960520	A Memristor stores data as a physical level of electrical resistance.
961240	966540	When you apply a voltage across it, ions physically migrate within the nanoscale structure of the device,
966920	969060	often through a metal oxide matrix.
969260	970520	And that changes the resistance.
970520	974060	Yes, this migration changes the physical resistance of the component.
974640	976980	When you remove the voltage, the ions stay put.
977260	979440	It literally remembers its resistance state.
979800	984780	So instead of just off and on, a single Memristor can theoretically hold a whole spectrum of values,
984980	987000	like a dimmer switch instead of a light switch.
987140	987920	That is the promise.
988280	989860	It allows for processing in memory.
990000	992320	You don't have to shuttle data back and forth to the CPU.
992660	996580	The memory matrix itself performs the computation through physical physics,
997060	998680	Kirschhoff circuit laws, and Ohm's law.
998800	999920	So it's incredibly fast.
999920	1003280	The computation happens at the speed of current flowing through the grid.
1003560	1006180	It is incredibly fast and highly energy efficient.
1006480	1007900	But there is a massive catch.
1008040	1009600	The catch is thermodynamics.
1010380	1013620	Memristors are analog devices operating at the nanoscale.
1013940	1016640	They are completely at the mercy of physical reality.
1016760	1017700	Meaning they aren't perfect?
1017900	1018640	Far from it.
1019220	1023280	When you try to write a specific conductance value to a Memristor,
1023740	1029360	thermal fluctuations and atomic level defects mean you might not hit the exact value you wanted.
1029360	1031240	This is programming noise.
1031740	1032600	And when you read it?
1032600	1036660	When you read the value later, the physical resistance can fluctuate slightly.
1037080	1038420	This is red noise.
1038540	1040220	So they are physically noisy.
1040540	1044720	If you are trying to do high precision math, like calculating singular vectors,
1045280	1049440	the physical device itself is constantly injecting small errors into the calculation.
1049440	1052720	Now consider how traditional engineering approaches error.
1053200	1056600	If you are building a digital processor, error is treated geometrically.
1057100	1060360	A perturbation of a certain size is assigned a certain severity.
1060800	1062060	You just want everything to be perfect.
1062320	1065220	The standard methodology is to demand uniform precision.
1065680	1071180	You want to suppress the noise equally across the entire board to ensure the math stays pure.
1071180	1076600	But enforcing uniform precision on analog hardware has to be devastatingly expensive.
1076600	1081600	You have to pump more energy into the system, build larger devices to overcome the noise floor,
1081760	1085180	or just run constant power-hungry calibration loops.
1085440	1085980	It's a trap.
1086380	1089940	And Ding and their team realize that this uniform approach is a trap.
1090420	1093220	Infliction extracts the theoretical gold here.
1093700	1097540	The severity of an error is not determined by the size of the perturbation.
1097680	1098700	What determines it then?
1098700	1102620	It is determined by the downstream computation that will act upon it.
1103020	1104240	Here's where it gets really interesting.
1104620	1106540	Error magnitude versus error consequence.
1107060	1110340	This is where the specific algorithm the chip uses becomes crucial.
1110460	1110720	Yes.
1110900	1113480	To extract these dominant patterns from the data matrix,
1114180	1117520	the chip uses a method called power iteration with deflation.
1118040	1120420	Walk us through what that actually looks like computationally.
1120700	1125180	Power iteration is an algorithm for finding the dominant eigenvector,
1125680	1127640	the most important vector of a matrix.
1127640	1131700	You start with a random vector, and you multiply the data matrix by it.
1131960	1134740	The matrix stretches and rotates that vector.
1135420	1138120	If you do this repeatedly, iteration after iteration,
1138780	1143060	the random vector is continuously pulled toward the dominant axis of the data
1143060	1146600	until it settles into the final, correct, dominant vector.
1146600	1150480	It's mathematically converging, like dropping a marble in a bowl.
1150780	1153380	It rolls around and eventually settles at the deepest point.
1153880	1155100	That finds the first vector.
1155640	1158080	But SVD requires finding multiple vectors.
1158600	1162040	To find the second most important vector, you have to use deflation.
1162440	1163060	Which means...
1163060	1164840	You take the first vector you just solved,
1164980	1168400	and you mathematically subtract its influence from the original data matrix.
1168740	1173000	You essentially erase the dominant pattern, leaving only the residual data behind.
1173240	1175380	You carve the biggest piece out of the sculpture.
1175380	1180060	Then you run power iteration again on the leftover data to find the second vector.
1180400	1183600	Then you subtract that and iterate again to find the third.
1184060	1187300	It is a strictly sequential cascading process.
1187720	1189660	And because of that cascading sequence,
1190240	1192440	Flyxion points out that physical noise in the memisters
1192440	1196760	manifests in two completely different failure geometries, right?
1196760	1197300	Exactly.
1197300	1199000	The first is numerical drift.
1199420	1201720	This happens during the power iteration phase.
1202380	1205740	As the chip is multiplying the matrix over and over to settle on a vector,
1206120	1210340	the read noise of the memisters is constantly jostling the computation.
1211060	1213740	But here is the critical insight about numerical drift.
1214160	1215140	It washes out.
1215480	1216360	How does it wash out?
1216360	1219680	The fundamental math of power iteration is contractive.
1219980	1222980	It is constantly pulling the vector toward the dominant axis.
1223680	1228600	So if a memister physically fluctuates and adds a bit of noise during iteration 5,
1228920	1232940	the math naturally corrects for it in iterations 6, 7, and 8.
1233100	1233540	Oh, wow.
1233700	1235360	The noise doesn't destroy the process.
1235580	1238100	It just adds a bit of friction, slowing down the convergence.
1238720	1243440	The error has a very low consequence because the downstream mathematical boundary is corrective.
1243440	1246180	But the second failure geometry is component residual.
1246960	1248360	And this one is a nightmare.
1248820	1251680	Component residual occurs during the deflation phase.
1252440	1256380	Once the power iteration finishes and the first vector is declared solved,
1256720	1260620	that vector must be stored in the hardware so it can be subtracted from the matrix.
1260820	1262080	Right, you have to keep it to use it again.
1262300	1264320	But because of the right noise of the memisters,
1264940	1269340	the stored version of the vector is not a perfect copy of the mathematical truth.
1269680	1272340	It has physical flaws baked into it.
1272340	1276360	So when the chip goes to subtract that vector from the data matrix,
1276580	1279320	it doesn't cleanly erase the dominant pattern.
1279420	1279820	Exactly.
1279980	1281820	It leaves a mathematical snudge behind.
1282460	1285700	But more importantly, consider the downstream consequence.
1286380	1288960	That stored, flawed vector is now an operator.
1289300	1291800	It is part of the new foundational matrix.
1292080	1292300	Right.
1292560	1295740	When you run power iteration to find the second vector,
1296200	1298940	the math is contracting toward a flawed foundation.
1298940	1300300	It's like building a house.
1301180	1304560	Numerical drift is a worker swaying slightly while carrying a brick.
1304980	1305800	It doesn't really matter.
1305880	1306880	The brick still gets placed.
1307340	1310480	Component residual is laying the concrete foundation slightly tilted.
1311060	1313040	Every single brick placed after that,
1313240	1315360	no matter how perfectly carried, is going to be crooked.
1315360	1318940	It alters the fixed point of the entire subsequent system.
1319580	1321740	And because of the sequential nature of deflation,
1322200	1326280	an error in the first stored vector infects the calculation of the second vector.
1326460	1327420	It just cascades.
1327620	1333060	Then, the second stored vector, now carrying its own errors plus the inherited errors of the first,
1333400	1336120	is used to deflate the matrix for the third vector.
1336560	1337640	The error compounds.
1337780	1338460	It propagates.
1338460	1341460	Flyxion calls this dependency centrality.
1342040	1345000	It's a brilliant way to map the topology of consequence.
1345880	1347920	Let's say you are calculating four vectors.
1348220	1349560	Vector 1 is solved first.
1350060	1354680	That means it is used to deflate the matrix for vector 2, vector 3, and vector 4.
1354820	1356740	It has three downstream consumers.
1356980	1357160	Right.
1357340	1359620	Vector 3 is only used to deflate for vector 4.
1360080	1361640	It has one downstream consumer.
1362500	1366020	Therefore, an identically sized physical error in vector 1
1366020	1370400	is vastly more destructive to the final output than an error in vector 3.
1370600	1374900	And this realization completely changes how Ding and their team engineer the chip.
1375120	1377080	If you understand dependency centrality,
1377560	1380920	uniform precision is exposed as a massive waste of resources.
1381040	1381200	Right.
1381300	1382520	Why protect everything equally?
1382520	1387360	Why spend immense energy protecting the physical stability of vector 4
1387360	1390080	when it has absolutely no downstream consumers?
1390080	1395860	Instead, they build the Selective Representation Enhanced Architecture, or SREA.
1396240	1398720	They assign hardware precision as a strict budget,
1399060	1401380	allocated only by downstream consequence.
1401700	1403960	Wait, if we only protect the important parts of data,
1404060	1406140	aren't we just saying, you know, save the biggest numbers?
1406400	1408680	How do they actually execute this physical budgeting?
1408980	1410080	They divide their strategy.
1410560	1414200	For the raw data matrix, which only drives the contractive power iterations,
1414420	1416440	they use dual precision mapping, or DPM.
1416440	1420160	They split the data into high-order bits and low-order bits.
1420340	1421560	Okay, so breaking the numbers apart.
1421820	1425900	The high-order bits, the massive numbers that dictate the broad strokes of the matrix,
1426280	1430460	are mapped onto highly robust, coarse conductance states in the Memristors.
1430700	1435280	So instead of trying to hit one of 256 incredibly sensitive analog levels,
1435740	1439880	you tell the Memrister to only use four very distinct separated levels.
1439880	1443000	It's like painting with a giant roller instead of a fine brush.
1443520	1448400	It's almost impossible for thermal noise to accidentally bump the Memrister into the wrong state.
1448700	1449140	Exactly.
1449480	1451660	It guarantees the stability of the large weights.
1452400	1457460	The fine details, the low-order bits, are allowed to map onto the denser, noisier states.
1457920	1460620	Because the power iteration naturally suppresses noise,
1461000	1465620	this dual approach is enough to stabilize the numerical drift without wasting area.
1465620	1471700	But for the stored vectors, the operators causing the component residual, they pull out all the stops.
1471980	1475660	For the solved vectors, they use Vector Processing Refinement, VPR.
1476160	1481520	Because these vectors act as the foundation for all future deflations, the hardware treats them like royalty.
1481820	1482280	How so?
1482480	1487800	The chip dynamically allocates much higher bit widths to the inputs processing these vectors.
1488520	1493340	Furthermore, it physically replicates the most central vectors across multiple Memrister arrays.
1493340	1497800	It calculates the vector multiple times and averages the physical conductances together.
1498080	1499320	It uses spatial redundancy.
1499760	1505480	It takes up way more physical chip space, but it forcibly crushes the variance of that specific vector to near zero.
1505860	1510560	But, and this is the key, it only does this for the vectors with high dependency centrality.
1510980	1512260	It protects Vector 1 massively.
1512460	1514140	It protects Vector 2 slightly less.
1514440	1519280	By the time it gets to the final vectors, it spends almost no extra hardware resources on them
1519280	1521540	because their errors have nowhere to propagate.
1521540	1522940	It's an audit of consequence.
1523340	1525440	And the real-world metrics are staggering.
1526160	1529440	The paper tested this chip on a gesture recognition AI task.
1529960	1534140	Compared to a baseline Memrister chip trying to enforce uniform precision everywhere,
1534680	1541580	SREA cut the energy consumption almost in half, from 26.04 microjoules down to 13.4.
1541740	1543060	That's a massive drop.
1543120	1545240	It significantly reduced processing delays.
1545240	1549300	And because they were so surgical about where they deployed the spatial redundancy,
1549500	1553100	the overall physical area of the chip only increased by about 3%.
1553100	1557560	They achieved higher fidelity by actively deciding to let parts of their system fail.
1557840	1561800	They recognized that the data's representational importance, how big the numbers are,
1562140	1565980	is irrelevant compared to its propagational importance, how many futures rely on it.
1565980	1567860	That is a phenomenal lesson.
1568080	1574060	If we take Flyxion's framing out of the microchip and into human behavior, the parallels are kind
1574060	1574580	of uncomfortable.
1574760	1575380	Oh, absolutely.
1575780	1580920	How much of our own energy do we burn trying to achieve uniform precision in our lives?
1580920	1587080	We stress out over tiny errors in a daily task, the iterate, where the error will literally
1587080	1588320	wash out by tomorrow.
1588920	1593740	We treat a typo in an email with the same anxiety as a flaw in our core habits.
1593960	1598440	But Ding's paper proves that the only errors that matter are the ones in your stored operators.
1598680	1598980	Exactly.
1599120	1603000	If you have a fundamental flaw in how you manage your health or how you communicate with your
1603000	1607620	partner, that error is deflating every single subsequent interaction you have.
1607800	1609780	You cannot protect everything equally.
1609780	1615080	You have to map the dependency centrality of your own actions and assign your precision
1615080	1616320	budget to the foundation.
1616660	1619820	Which brings us perfectly, and I mean perfectly, to the third essay.
1620260	1624620	We've seen how tracking the downstream flow changes our definition of a physical error.
1625280	1629620	Flyxion's third essay, The Waste is in the Boundary, scales that exact same logic up to
1629620	1633060	a massive industrial plant to redefine the concept of physical waste.
1633360	1635820	We're moving from the nanoscale to the macroscale.
1635820	1641820	Flyxion turns to a 2026 paper published in Nature Energy by Jiang and colleagues.
1642160	1642860	What's the paper about?
1643240	1648620	This paper documents the operation of a pilot plant that physically couples two massive industrial
1648620	1653440	processes, alkaline water electrolysis and vacuum membrane distillation.
1653580	1655060	Electrolysis and desalination.
1655460	1657020	Let's start with the baseline operations.
1657660	1660860	What are these machines trying to achieve independently?
1660860	1667040	Well, alkaline electrolysis is currently the workhorse technology for producing green hydrogen.
1667660	1672060	You pump water in, you apply a massive electrical current, and you split the water molecules
1672060	1674120	into hydrogen gas and oxygen gas.
1674260	1675120	Seems simple enough.
1675260	1678000	However, the thermodynamics are not entirely in our favor.
1678580	1683260	A standard alkaline electrolyzer is only about 70 to 78 percent electrically efficient.
1683260	1688020	So over 20 percent of the massive electrical power you are pumping into this plant is not
1688020	1689260	breaking atomic bonds.
1689620	1690200	Where does it go?
1690420	1691540	It degrades into heat.
1691920	1696880	The internal temperature of the electrolyzer rises rapidly, and this creates a severe operational
1696880	1697440	problem.
1697540	1698420	Because things melt.
1698780	1703140	To keep the delicate membranes and electrodes inside the electrolyzer from breaking down,
1703600	1709200	the system must be maintained at a steady operating temperature, usually around 80 to 90 degrees
1709200	1709600	Celsius.
1710040	1713080	Meaning you have to constantly extract that excess heat.
1713080	1713660	You do.
1714060	1719420	Traditional plant engineering relies on active cooling systems, cooling towers, heat exchangers,
1719840	1720340	chillers.
1720860	1725280	These systems consume additional electricity and often require massive amounts of cooling
1725280	1728680	water just to vent that 85 degree heat into the atmosphere.
1729360	1730500	The heat is a liability.
1730880	1732100	It is industrial waste.
1732340	1737840	Meanwhile, the electrolyzer fundamentally requires ultra-pure fresh water as its feedstock to make
1737840	1738300	the hydrogen.
1738300	1743900	If you are building this green hydrogen plant in a coastal region or an arid region, you
1743900	1745700	have to source that fresh water from the ocean.
1746160	1748300	So you build a desalination plant next door.
1748660	1753640	And traditional thermal desalination operates by boiling seawater to separate the pure water
1753640	1754780	vapor from the brine.
1755080	1758860	Under normal atmospheric conditions, water boils at 100 degrees Celsius.
1758860	1762740	So look at the sheer thermodynamic tragedy of this traditional setup.
1763420	1768180	On one side of the plant, you have a machine aggressively spending energy to dump heat at 85
1768180	1768620	degrees.
1769080	1774080	On the other side of the plant, you have a machine aggressively burning energy to generate heat
1774080	1775020	at 100 degrees.
1775020	1781340	The obvious engineering instinct is to connect them, but the thermodynamics present a seemingly
1781340	1782760	unbridgeable gap.
1783360	1785800	The waste heat from the electrolyzer is low grade.
1786220	1787460	It is 85 degrees.
1787700	1790360	The desalinator requires 100 degrees.
1790520	1792160	And heat only flows from hot to cold.
1792320	1792740	Exactly.
1793020	1795820	You cannot boil water with something cooler than the boiling point.
1796020	1800060	The traditional engineering solution to this gap would be to force the issue, right?
1800060	1805640	You would build a heat pump or use a compressor to spend more energy to upgrade that 85 degree
1805640	1807520	heat until it reaches 100 degrees.
1807660	1807760	Right.
1807860	1808320	You fight it.
1808660	1809680	It's like trying to bake a cake.
1810160	1813020	But your oven will only reach 300 degrees instead of 350.
1813800	1816960	The standard instinct is to spend a ton of money to buy a hotter oven.
1817440	1819080	You focus entirely on the heat source.
1819540	1822520	But Jiang and their team did not upgrade the heat source.
1823020	1827460	They did not try to make the electrolyzer hotter, nor did they try to pump the waste heat to
1827460	1828240	a higher temperature.
1828240	1833280	Instead of transforming the residual waste, they transformed the boundary conditions of
1833280	1834220	the receiving sink.
1834500	1835860	They didn't buy a hotter oven.
1836000	1838380	They took the entire kitchen to the top of Mount Everest.
1839060	1841900	That is a very accurate thermodynamic analogy.
1842540	1846140	The boiling point of a liquid is not a fixed universal constant.
1846620	1851840	It is dictated by Antoine's equation, which describes the relationship between a liquid's
1851840	1854800	vapor pressure and the surrounding environmental pressure.
1855040	1855340	Okay.
1855340	1860220	Boiling occurs when the vapor pressure of the liquid equals the atmospheric pressure pushing
1860220	1860880	down on it.
1861300	1865200	At sea level, that requires 100 degrees Celsius of thermal energy.
1865600	1870000	But if you drastically reduce the atmospheric pressure, you drastically reduce the thermal
1870000	1871620	energy required to trigger boiling.
1871620	1876200	So Jiang and their team install a vacuum pump on the desalination evaporator.
1876560	1879760	They drop the internal pressure down to about 10 kilopascals.
1880160	1885220	And at 10 kilopascals, the physical boiling point of the seawater plummets from 100 degrees
1885220	1887880	Celsius down to roughly 44 degrees Celsius.
1888360	1891020	This completely inverts the thermodynamic reality of the plant.
1891020	1897260	Suddenly, that 85-degree low-grade waste heat from the electrolyzer is not waste at all.
1897840	1900720	It is incredibly potent, high-grade thermal fuel.
1901280	1905440	It is nearly twice as hot as the desalinator now requires to boil the water.
1905440	1910940	They physically pipe the cooling loop of the electrolyzer directly into the heating loop of the vacuum
1910940	1911660	desalinator.
1912100	1917340	The electrolyzer sheds its exact required heat, remaining perfectly stable at 85 degrees,
1917700	1923100	and the desalinator uses that exact heat to aggressively boil seawater at 44 degrees.
1923380	1926120	And the physical output of this pilot plant proves the theory.
1926760	1931300	Over a continuous 100-day run, the coupled system produced 3.8 cubic meters of hydrogen
1931300	1934000	and 1.2 kilograms of fresh water every hour.
1934000	1934560	Amazing.
1934920	1936960	But the critical metric is the energy footprint.
1937700	1940880	Compared to running an independent electrolyzer and an independent desalinator,
1941280	1945000	this coupled architecture consumes 17.7% less total energy.
1945080	1945880	It's a huge win.
1946180	1949960	But wait, I have to push back here, because physics always demands a toll.
1951380	1956720	Dropping the pressure inside an industrial evaporator to 10 kilopascals requires running a
1956720	1957940	heavy-duty vacuum pump.
1958620	1960940	Vacuum pumps use a massive amount of electricity.
1960940	1966680	Is this actually a net gain, or are they just shuffling the energy cost from heating elements
1966680	1967680	to mechanical pumps?
1968220	1971680	I see where you're going, but the math is decisively in their favor.
1972480	1978320	The energy cost of running the vacuum pump is entirely factored into that 17.7% overall
1978320	1978880	savings.
1979400	1979720	Really?
1980300	1981680	How does it still save so much?
1981680	1985660	The reason it works is because of the sheer density of the latent heat they unlocked.
1986420	1990740	The electrical energy required to run a vacuum pump is significantly less than the thermal
1990740	1995480	energy required to heat thousands of liters of water from 85 degrees to 100 degrees.
1995600	1997480	So they found a cheaper constraint to manipulate.
1997680	1998120	Exactly.
1998380	1999900	Flixenium maps this out clearly.
2000340	2002700	Lowering the pressure moves the difficulty of the system.
2002880	2003860	It does not erase it.
2004100	2007940	By transforming the sink, they introduce a new thermodynamic constraint.
2007940	2012760	The boiling temperature inside the desalinator now has to stay below the temperature of
2012760	2016620	the waste heat entering it, but it also has to stay above the temperature of whatever
2016620	2021420	cooling medium they are using to condense the pure vapor back into liquid water at the
2021420	2022280	end of the process.
2022400	2023220	So it's a tight window.
2023480	2029540	They created a narrow operational window, but operating inside that window is vastly more
2029540	2031880	efficient than fighting the baseline thermodynamics.
2032320	2037400	This leads to what I think is the most profound philosophical insight in all four of these essays.
2037400	2041860	Flixenium writes that waste is not a physical property of the material.
2042700	2046640	The wasteness is not inherently located inside the 85 degree water.
2047480	2053580	Waste is entirely a relation between a flow, a boundary, and the available operations downstream.
2054100	2058720	Flixenium formalizes this by categorizing three distinct types of industrial waste.
2058920	2060120	The first is physical waste.
2060240	2061740	This is the hard limit of the universe.
2061740	2067180	According to the second law of thermodynamics, every energy transfer involves some irreversible
2067180	2068860	loss of work potential entropy.
2069220	2069320	Right.
2069440	2071560	This fraction of the stream is dead.
2072040	2077100	No sink in the universe, no matter how brilliantly designed, could ever extract useful work from
2077100	2077280	it.
2077620	2080700	You cannot negotiate with the second law of thermodynamics.
2080900	2081860	No, you really cannot.
2082440	2084500	But the second category is match waste.
2084500	2088540	This is energy or material that is theoretically recoverable.
2088720	2093460	It still has work potential, but there is no sink currently available in the environment
2093460	2096860	that will accept the stream in its present physical form.
2097400	2099980	Like the 85 degree heat facing 100 degree boiler.
2100340	2101260	That's match waste.
2101460	2101840	Exactly.
2102300	2104660	And the third type is boundary waste.
2104920	2110360	This is when a perfectly usable sink exists and the stream matches it, but the engineer has
2110360	2113140	drawn the boundary of their system in a way that excludes it.
2113140	2113580	Yes.
2113960	2118420	If the electrolyzer plant and the desalination plant are owned by two different companies,
2118840	2124140	separated by a fence, and neither communicates with the other, the heat vented by the electrolyzer
2124140	2125380	is boundary waste.
2125700	2130320	The genius of Jiang and their team is that they attacked match waste and boundary waste
2130320	2131140	simultaneously.
2131500	2135360	They erased the boundary waste by physically piping the two machines together.
2136120	2137960	They drew a new line around the whole system.
2138280	2143100	And they erased the match waste, not by upgrading the residual, not by making the heat
2143100	2148700	hotter, but by transforming the sink's admissibility, they changed the physical rules of what the
2148700	2150560	receiving system was willing to accept.
2150800	2153780	Flyxion calls this a paradigm shift in residual topology.
2154260	2158320	And there's this incredible cache 22 at the very end of the essay that blew my mind.
2158880	2164940	Let's say a material scientist tomorrow invents a flawless next generation alkaline
2164940	2165620	electrolyzer.
2165620	2168500	It is 99% electrically efficient.
2169040	2171140	It barely generates any waste heat at all.
2171540	2173300	What happens to this beautifully coupled plant?
2173660	2175580	The efficiency of the coupled system collapses.
2176160	2179500	If the electrolyzer stops wasting heat, the desalinator loses its fuel.
2180040	2184320	The plant would suddenly have to import massive amounts of external energy to boil the seawater,
2184720	2187420	destroying the 17.7% energy savings.
2187580	2192000	The entire value of the coupling is fundamentally dependent on the inefficiency of the core component.
2192000	2196880	The flaw of the electrolyzer is the structural pillar holding up the efficiency of the entire
2196880	2197280	plant.
2197680	2199720	Which perfectly cements Flyxion's thesis.
2200340	2202580	Efficiency, waste, error.
2203340	2206000	These are not intrinsic properties of the individual parts.
2206260	2208160	They are properties of the topology.
2208660	2210540	They are defined by how the parts are connected.
2210980	2215240	I want everyone listening to apply this to their own environments, whether that's a corporate
2215240	2218560	team, a creative workflow, or a family dynamic.
2219000	2220940	What is the waste in your system?
2220940	2222520	It's a great question to ask.
2222520	2229240	Maybe you have an employee who produces incredible, chaotic ideas, but completely fails at standard
2229240	2229680	formatting.
2230220	2233560	Maybe you have raw data that doesn't fit your current predictive models.
2234400	2238820	The standard instinct is to try and upgrade the residual to force the employee to take formatting
2238820	2241620	classes or to manipulate the data to fit the model.
2241820	2245100	But Jiang's paper asks, could you just change the boundary of the sink?
2245100	2245600	Exactly.
2245600	2250360	Could you pair that chaotic employee with a highly structured project manager who feeds
2250360	2251180	on raw ideas?
2251840	2255920	Could you lower the pressure of the receding environment so that the waste instantly flashes
2255920	2256960	into vital fuel?
2257200	2261800	It requires abandoning the idea that the residual needs to be fixed and accepting that the boundary
2261800	2262680	needs to be redrawn.
2262900	2265600	Which perfectly sets the stage for our final source.
2265600	2271300	We have just spent a lot of time looking at how human engineers, whether in AI, microchips,
2271420	2275720	or industrial plants, artificially redraw boundaries to make actions formissible.
2276420	2278200	But what happens when we look at nature?
2278960	2284200	Flyxion's final essay, When Failure Becomes a Signal, proves that biology have been operating
2284200	2287160	on this downstream boundary logic for millions of years.
2287340	2289180	We are turning to microbiology now.
2289180	2294640	Flyxion analyzes a 2026 paper published in Nature Physics by Saulnier and colleagues.
2294920	2299740	The subject is Myxococcus xanthus, a species of predatory soil bacteria.
2299840	2301020	These bacteria are fascinating.
2301200	2301980	They don't hunt alone.
2302300	2306420	They operate as a massive, coordinated collective, almost like a microscopic wolf pack.
2306640	2306820	Yeah.
2307000	2310480	But they exhibit two radically different patterns of movement depending on where they are.
2310600	2310880	Right.
2311240	2316800	When they are actively hunting prey, like a colony of E. coli bacteria, millions of M. xanthus
2316800	2320500	cells organize into highly structured, synchronous, macroscopic waves.
2320740	2325300	They physically ripple across the surface of the prey, lunazing and digesting the E. coli
2325300	2327080	cells in an organized, rhythmic sweep.
2327780	2330020	Biologists refer to this behavior as rippling.
2330300	2336200	But when there is no prey around, and the bacteria are just moving across a bare surface like plain
2336200	2338400	agar, they don't form waves.
2338600	2342240	They organize into these long, chaotic, branching streams.
2342660	2345320	They follow each other's slime trails, exploring outward.
2345320	2346920	They call this swarming.
2347720	2353340	Historically, microbiologists observed these two vastly different macroscopic patterns and
2353340	2356660	assumed there must be a fundamental biological switch.
2357020	2358580	Like a literal on-off switch.
2358820	2365120	The assumption was that the bacteria genetically sensed the prey, and a biochemical cascade triggered
2365120	2367280	a completely different behavioral program.
2367760	2370800	Swarm mode was deactivated, and ripple mode was turned on.
2370800	2374560	A completely rational assumption based on uniform cause and effect.
2375020	2377820	Two different outputs must mean two different internal instructions.
2378440	2380800	But Saunier proves that this is entirely wrong.
2380940	2382500	It is the exact same population.
2383220	2388200	They are using the exact same internal biological rule for when to reverse their direction of
2388200	2388480	movement.
2388580	2388760	Right.
2388860	2389720	They don't change anything.
2389820	2392780	The bacteria are not changing their internal programming at all.
2392780	2396540	The only thing that changes is the physical environment they are trying to move through.
2396920	2402880	To explain how a single internal rule can create two completely different microscopic behaviors,
2403540	2408100	Flyxion zeros in on a metric used in the paper called the Frustration Index.
2408100	2412200	The Frustration Index is a mathematical measurement of physical failure.
2412600	2418480	It quantifies the discrepancy between a cell's target velocity, the direction and speed it is
2418480	2423640	trying to achieve through its internal motor force, and its realized velocity, the actual
2423640	2426960	movement it achieves when interacting with the physical world around it.
2427180	2428040	Let's make that concrete.
2428600	2429840	You are driving a car.
2430480	2434420	Your foot is on the gas, trying to go 60 miles per hour straight ahead.
2434920	2436200	That is your target velocity.
2436200	2441120	But you are stuck in bumper-to-bumper traffic, so you are actually moving 5 miles per hour
2441120	2442420	and constantly swerving.
2442700	2444060	That is your realized velocity.
2444360	2448100	The massive difference between what you want to do and what the physical environment allows
2448100	2449700	you to do is your frustration.
2450240	2454680	Saulnier and their team demonstrate that for M. Xanthus, this physical frustration is the
2454680	2457900	primary signal that dictates when a cell reverses its direction.
2458460	2459720	But we must be careful here.
2459900	2462520	This is not a standard biochemical signaling pathway.
2462740	2464220	Meaning they aren't talking to each other?
2464220	2469020	No cell is secreting a hormone into the environment, saying, I found prey, everyone
2469020	2469740	start rippling.
2470040	2472320	The signal is not an added piece of information.
2472780	2476880	The signal is a pure physical residual of blocked motion.
2477340	2478100	It's mechanical.
2478500	2482660	But wait, if every bacterium just turns around when it bumps into something and gets frustrated,
2483140	2489960	how does that chaotic rule generate perfectly synchronized ripples on prey, but disorganized
2489960	2491080	streams on agar?
2491080	2493160	That is the crux of the breakthrough.
2493580	2498520	The answer lies in how frustration interacts with a biological mechanism called the refractory
2498520	2499000	period.
2499160	2500060	The refractory period.
2500240	2501940	The internal cool-down timer.
2502120	2502620	Precisely.
2502900	2506920	Whenever a bacterium reverses its internal motors, it enters a refractory phase.
2507340	2512420	For a set amount of time, the cell is biochemically prohibited from reversing again, regardless of what
2512420	2513060	it bumps into.
2513160	2513840	It's locked in.
2513840	2519600	This lockout phase is mediated by a complex network of proteins, primarily the FERS pathway
2519600	2523960	and a spatial regulator called ROMAR, which localizes to the poles of the cell.
2524220	2524920	That's a mouthful.
2525300	2529220	But basically, it prevents the bacterium from just endlessly vibrating in place.
2529520	2533400	It forces it to commit to a direction for a little while before it can change its mind
2533400	2533680	again.
2533680	2539180	Now, in older models of M. Xanthus behavior, this refractory period was modeled as a fixed
2539180	2539700	constant.
2540200	2545740	A cell reverses, the timer starts, and it cannot reverse again for, say, three minutes.
2546180	2550220	But Sonia discovers that the refractory period is highly elastic.
2550220	2554280	And it is strictly governed by the intensity of the physical frustration, right?
2554480	2555760	The failure changes the timer.
2556060	2559680	High frustration doesn't just make the bacteria want to turn around more often.
2560200	2564400	Extreme physical frustration violently alters the biochemical state of the cell.
2564820	2567240	It physically disrupts the internal protein clusters.
2567560	2567880	Oh, wow.
2568140	2573700	Specifically, intense collisions cause the detachment of a crucial protein called Mgla-GTP from the
2573700	2574720	leading pole of the cell.
2575020	2577720	This bypasses the normal FUS pathway inhibitors.
2577720	2581080	The massive physical shock instantly kills the cool-down timer.
2581520	2583400	The refractory period drops to near zero.
2583660	2585080	Let me try to build an analogy here.
2585160	2586220	Let's go back to the traffic.
2587320	2591720	Rate control is like driving on a highway, where the speed limit digitally updates based
2591720	2593160	on how heavy the traffic is.
2593620	2597620	You are always technically allowed to drive, but the parameter of your speed fluctuates.
2598300	2600900	What Sonia is describing is domain control.
2601040	2601300	Right.
2601580	2603300	It's like sitting at a stubborn red light.
2603620	2605320	You are strictly prohibited from moving.
2605320	2610820	But if you get frustrated and lean on your car horn, the sheer volume of the horn physically
2610820	2613560	forces the light circuit to instantly turn green.
2614140	2619440	The actual boundary of when the action is permitted fundamentally shifted because of the intensity
2619440	2620340	of the frustration.
2620860	2626700	That perfectly captures the distinction between modulating a rate and shifting an admissible
2626700	2627160	domain.
2627720	2630720	Now, apply this domain control to the two different environments.
2630720	2636200	When the bacteria are on bare agar, they naturally follow the grooves of each other's slime trails.
2636340	2637100	They form streams.
2637160	2638660	The environment is relatively smooth.
2638780	2640920	When they bump into each other, it's a glancing blow.
2641280	2643220	The frustration is low-level and diffuse.
2643640	2649400	Because the frustration is low, the internal cool-down timer, the refractory period, remains
2649400	2649940	intact.
2650380	2654820	They reverse occasionally, but they are forced to commit to long stretches of forward movement.
2655160	2657540	This creates the long, branching swarms.
2657540	2662320	But when the bacteria encounter the E. coli prey, everything changes.
2662860	2666340	The prey creates a dense, sticky, physical matrix.
2666960	2671040	The M. xanthus cells are forced to crawl over this rigid landscape.
2671180	2671880	And they get stuck.
2672100	2676460	The physical constraints of the prey force the predators to align tightly with one another.
2676680	2680400	Because they are highly aligned in a dense field, when two cells move toward each other,
2680560	2681580	they don't glance off.
2681640	2682680	They crash head on.
2682780	2684880	A massive spike in the frustration index.
2685060	2685540	Massive.
2685540	2690580	The sudden, extreme physical blockage causes a catastrophic mechanotransductive shock inside
2690580	2691080	the cells.
2691480	2693020	Mgla-GTP detaches.
2693460	2695880	The refractory period is instantly annihilated.
2696140	2697800	The red light turns green immediately.
2698220	2698500	Yes.
2699400	2701800	Both cells are instantly permitted to reverse.
2702440	2706900	And because they are tightly packed, this sudden reversal causes them to crash into the
2706900	2711900	cells behind them, creating another massive spike in frustration for those cells, instantly
2711900	2713680	killing their refractory periods.
2713740	2717680	The permission to reverse cascades through the entire population.
2718360	2720660	The collisions act as a synchronizing metronome.
2720660	2723960	It generates a bimodal distribution of reversal times.
2723960	2731760	The bacteria either travel for a long time, or they rapidly zigzag back and forth in place in perfect synchronization with their neighbors.
2732380	2737180	That synchronized zigzagging is what visibly manifests as the rippling waves.
2737180	2742760	The environment organizes the entire collective without ever sending a single biological instruction.
2743420	2745160	The physical constraint causes a failure.
2745600	2748020	The failure registers as extreme frustration.
2748560	2754180	And the extreme frustration actively redraws the biochemical boundary of what the cell is permitted to do next.
2754280	2754720	Super cool.
2754720	2757340	Flyxion summarizes this with a brilliant phrase.
2757840	2762940	A constraint becomes informative when its obstruction of the present changes the space of possible next actions.
2763360	2765800	The bacteria do not have a map of the prey.
2766280	2769540	They don't have a central brain shouting orders to form a wave.
2769840	2775860	They simply have a biological rule that turns physical failure into a timing adjustment for their next move.
2776360	2779260	The obstacle literally becomes the instruction.
2779260	2788840	And if we step back and look at Flyxion's grand architecture across all four of these essays, the unified theory becomes impossible to ignore.
2789080	2789320	Yeah.
2789500	2803580	Whether you are an applied mathematician trying to map a corralet wave, an engineer trying to keep analog noise from destroying an AI matrix, a plant manager trying to boil water with lukewarm heat, or a predatory bacterium navigating a physical world.
2803780	2805560	The ultimate lesson is identical.
2806000	2807060	Nothing exists in isolation.
2807460	2807720	Nothing.
2807720	2814120	Properties like truth, error, waste, and signal are not intrinsic fixed facts waiting to be discovered with a ruler.
2814680	2815800	They are fluid states.
2815960	2821740	They're defined entirely by what happens downstream, how the boundaries around the system are drawn, and what actions are permitted to happen next.
2821960	2829200	A mathematical wave is only a truth or a counterfeit depending on whether you drew the boundary of your phase plane to include the constraints you left at the door.
2829540	2829800	Right.
2829800	2839680	And a physical error in a microchip is only catastrophic or meaningless depending on the boundary of how many downstream mathematical operations are forced to consume it.
2839680	2847220	85 degree heat is only industrial waste or vital fuel depending on the boundary of pressure you set in the receiving sink.
2847220	2858100	And a biological collision is just a dead end or it is the synchronized heartbeat of a rippling wave depending on how that failure shifts the boundary of your internal refractory period.
2858100	2861120	It fundamentally shifts how we have to look at our own lives.
2861280	2867500	We spend so much time trying to eliminate errors, trying to optimize away our waste, trying to avoid frustration.
2867500	2869660	We treat these things as intrinsic negatives.
2870360	2874040	But Flyxion's framework suggests that we are looking at the wrong end of the equation.
2874100	2874800	We really are.
2874960	2884560	If you are experiencing massive frustration in your career, in a creative project, in a relationship, maybe you shouldn't view that failure as a permanent dead end.
2885200	2888960	Maybe that frustration is a highly localized, vital signal.
2888960	2902460	It's the environment trying to generate the exact mechanotransductive shock you need to kill your own internal refractory period, to give yourself permission to rapidly reverse course and synchronize with a new reality.
2903120	2908560	If we connect this to the bigger picture, it leaves us with an incredibly provocative question regarding memory and consequence.
2909340	2915840	If waste, error, and signals are entirely defined by downstream boundaries, what does that mean for our past?
2916160	2916560	What do you mean?
2916560	2928600	Well, if you have a past societal failure or a deep personal trauma that you currently view as permanent waste or an unfixable error in your life, could you simply redraw your current mental or cultural boundaries downstream?
2929040	2935900	Could you lower the pressure of your own admissibility and make that past failure the exact high-grade fuel you need for your next action?
2936280	2940720	If you change the downstream admissibility, you literally change the nature of the past.
2941280	2942900	The error is no longer an error.
2943360	2944860	The waste is no longer waste.
2944860	2950100	As we established at the start, the trusty 12-inch realer we use to measure reality is broken.
2950640	2951520	The lines are murky.
2952040	2955800	But Flyxion has proven that this murkiness isn't a problem to be solved.
2956100	2959320	It is the very space where all actual transformation happens.
2959860	2963660	Thank you so much for joining us on this incredibly deep dive into the boundaries of systems.
2964060	2968880	Keep interrogating the constraints you're dropping, keep redrawing your own boundaries, and we'll see you next time.
2968880	2969900	Thank you.
2978180	2982260	Thank you.
